q_no,q_statement,a,b,c,d,exam,year
82,Which one of the following east flowing tivers of India has cift valley due to down warping?,Damodar,Mahanadi,Son,Yamuna,UPSC CSE Pre,1998.0
83,Some people in Manipur live in houses built on floating islands of weeds and decaying vegetation held together by suspended silt. These islands are called-,Tipis,Burkhans,Phuindi,Tazba,UPSC CSE Pre,1998.0
84,"In the map shown in the given figure, rivers labelled 1, 2, 3 and 4 respectively are: 
MAP","Kosi, Gomati, Ghaghara and Gandak","Kosi, Ganga, Gomati and Ghaghara","Gandak, Ganga, Gomati and Ghaghara","Teesta, Gomati, Ghaghara and Kosi",UPSC CSE Pre,1997.0
85,"Consider the map given below:
The place marked A, B, C and D in the map are respectively: 
MAP","Rift valley region, Chhattisgarh plain, Rain shadow region and Chhota Nagpur plateau","Chhattisgarh plain, Chhota Nagpur plateau, Rift valley region and Rain shadow region","Rift valley region, Chhattisgarh plain, Chhota Nagpur plateau and Rain shadow region","Chhattisgarh plain, Rain shadow region, Chhota Nagpuc plateau and Rift valley region",UPSC CSE Pre,1997.0
86,"Match list-I with tist-II and select the correct answer using the codes given below the lists:

List
1, Late Cenozoic
2, Pre-Cambrian
C, Aravalli 3. Cretaceous
Eocene
D. Narmada-Tapu 4. Cambrian
alluvial deposits
Code: (UPSC CSE Pre 1997
ABCD",3 2 1 4,3 12 5,2 1 3 4,1 4 2 5,,
87,"Match list-I with list-II and select the correct answer using the codes given below the lists:
List-I (Climatic List-II (Reasons)
condition) : : _
A. Chennai is 1, North-East
warmer than Monsoon
Kolkata
B. Snowfall in 2. Altitude
Himalaya
C. Rainfall 3. Western
decreases from depressions
West Bengal to
Punjab
D. Sutlej-Ganga 4. Distance from sea
plain gets some
rain in winter
stated
Code: 
ABCD",l 2 4 5,4 5 1 3,5 2 4 3,5 13 4,UPSC CSE Pre,1997.0
88,"“You might see a few curious Danes around, but that is because ....... used to be Danish out post. This quaint town with its fort and a beautiful church, the New Jerusalem, empty streets and deserted beach front is a quaint gem.” The place referred to in this quotation lies on the-",Tamil Nadu Coast,Kerala Coast,Karnataka Coast,Goa Coast,UPSC CSE Pre,1996.0
89,“Saddle peak” the highest peak of Andaman & Nicobar Is located in-,Great Nicobar,Middle Andaman,Little Andaman,North Andaman,UPSC CSE Pre,1996.0
90,"Which one of the following rivers thrice forks into two streams and reunites a few miles farther on, thus forming the islands of Srirangappattanam, Sivasamudram, and Scirangam?",Gauvery,Junge adra,Krishna,Godavari,UPSC CSE Pre,1996.0
91,"Consider the following rivers:
1, Kishan Ganga
2. Ganga
3. Wain Ganga
4. Pen Ganga
The correct sequence of these rivers when arranged in the north-south direction is-","1,2,3,4","2,1,3,4","2,1,4,3","1,2, 4,3",UPSC CSE Pre,1996.0
92,High temperature and low pressure over the Indian Subcontinent during the summer season draws air from the Indian Ocean leading to the in-blowing of the:,South-East monsoon,South-West monsoon,Trade winds,Westerlies,UPSC CSE Pre,1996.0
93,"Consider the map given below:
MAP
The divisions along India’s coastal region
indicate?",Coastal pollution zones,Salinity density isopleths,The areas upto which sovereignty extends,Underwater rellef contours,UPSC CSE Pre,1995.0
94,"Examine the map of Jammu and Kashmir given below:  
MAP
The mountains ranges marked 1, 2, 3 and 4
respectively:","Ladakh, Zanskar, Karakoram and Pir Panjal","Karakoram, Pir Panjal, Zanskar and Ladakh","Karakoram, Ladakh, Zanskar and Pir Panjal","Ladakh, Pir Panjal, Karakoram and Zansker",UPSC CSE Pre,1995.0
95,"During ancient Indian historical geography, the term ‘Ratnakara’ denoted-",The Arabian Sea,The Bay of Bengal,The Indian Ocean,"The Confluence of the Ganga, the Jamuna and the mythical Saraswati in Prayag",UPSC CSE Pre,1994.0
96,"The Himalayas are formed of parallel fold ranges, of which the oldest range is-",The Shiwalik Range,The Lesser Himalayas,The Great Himalayan Range,The Dhauladhar Range,UPSC CSE Pre,1994.0
97,"Consider the following statements: 
Assertion (A): The Monsoonal rainfall decreases as one goes toward the West and North-West in  the Ganga plain.
Reason (R): The moisture bearing Monsoonal winds go higher as one moves up in the Ganga plain.
In the context of the above two statements,which one of the following is correct?","Both (A) and (R) are true, and (R) is
correct explanation of (A).","Both (A) and (R) are true, but (R) is not
the correct explanation of (A).
(¢) (A) is true, but (R) is false.",,"(A) Is false, but (R) is true.",UPSC CSE Pre,1994.0
98,"Consider the map of India given below:

MAP
The map shows:",An Isohyet,All India water divide,A combination of national highways,A combination of major highway route,UPSC CSE Pre,1994.0
99,Which one of the following soil types of India is rendered infertile by the presence of excess iron? (UPSC CSE Pre 1994),Desert sand,Alluvial,Podzolie,Lateritic,,
100,Which one of the following crops enriches the Nitrogen content in soil?,Potato,Sorghum,Sunflower .,Pea,UPSC CSE Pre,1994.0
101,Which one of the following types of erosion is responsible for the formation of Chambal Ravinest,Splash,Sheet,Rill,Gully,UPSC CSE Pre,1994.0
102,Farmland tends to erode most rapidly when planted with:,Clover,Potato,Wheat,,UPSC CSE Pre,1994.0
103,"Consider the climate diagram given below:

#: 7 3
x %,
yp 3 & May June July ‘ny,
£ 30
FH A Ag
= 3s note
& 204 sue
Es rom
sf
pl, -
= 54% »
0 * va
» #0 a a 200
Relative Mumblity (Perccatage)
The above diagram is related to the climate of which of the following regions?",North-West region of India,South region of India,Central region of India,North-East region of India,UPSC CSE Pre,1993.0
104,Which among the following pairs of places have most marked differences in total annual rainfalis even though located approximately along the same latitude?,Bengaluru and Chennai,Mumbai and Vishakhapatnam,Ajmec and Shillong,Nagpur and Kolkata,UPSC CSE Pre,1993.0
105,A rainy day as defined by the Indian meteorological department is a day when the rainfall at « point received is:,0.5 mm to 1 mm in 24 hours.,1.1 mm to 1.§ mm in 24 hours.,1.6 mm to 2 nim in 24 hours.,Above 2.5 mm in 24 hours.,UPSC CSE Pre,1993.0
106,Soils of western Rajasthan have a high content of:,Aluminum,Calcium,Nitrogen,Phosphorus,UPSC CSE Pre,1993.0
107,"A fertile soil, suitable for growing common crops Is likely to have a pH value of:",Three,Four,Six to seven,Nine to ten,UPSC CSE Pre,1993.0
108,"With reference to India, which of the following statements is/are correct?
1. India is the sixth largest country of the world,
2. India occupies about 2.4% of the total area of the world,
3. The Tropic of Cancer passes through the middle of the country dividing into two latitudinal halves.
4. India lies completely in tropic zone.
Select the correct answer from the code givenbelow:",2 and 4,1 and 2,2 and 3,3 and 4,U.P.P.C.S. (Pre),2022.0
109,"Match list-F with list-II and select the correct answer using the codes given below the lists:
Liste or. a List-HE
(Waterfalls of ladia) | (Location).
A. Dudhsagar
B. Barkana    2. Odisha 
C. Khandadhar 3. Himachal Pradesh
DB Paian
Code: 
ABCD@4321",,"401023
3 2 41
(123 4",,,UPPCS (Pre),2022.0
110,"Given below are two statements, one is labelled as Assertion (A) and the other as
Reason (R).
Assertion (A): Agraand Darjeeling are located on the same latitude, but the temperature in
January in Agra is 160 Centigrade whereas it is only 40 Centigrade in Darjeeling.
Reason (R): Temperature decreases with height and due to thin air, places in the mountains are cooler than places in the plains.
Select the correct answer from the code given below.","Both (A) and (R) are true and (R) is the
correct explanation of (A)","Both (A) and (R) are true but (R) is not
the correct explanation of (A)",(A) is false but (R) is true,(A) is true but (R) is false,UPPCS (Pre),2022.0
111,"Match list-1 with list-II and select the correct answer using the codes given below the lists:
List-I (State of India) | List-Il (Highest
tot : -(Peak) 
1. Dhapgarh Peak
2. Saramati Peak
C. Nagaland 3. Gurushikhar Peak
D. Madhya Pradesh =| 4, Doddabetta Peak
Code: (UPPCS (Pre) 2021)
ABCD",3 2 1 4,1 4 3 2,4 2 3 1,4 3 2 1,,
112,Which one of the following rivers is not the part of Indian Ganga River basin?,Punpun river,Ajoy tives,Jalangi river,Jonk river,"U.P.P.C.S, (Pre)",2021.0
113,Largest saline water lake in India is:,Chilika,Sambhar,Lonary,Wullar,U.P.P.C.S. (Pre),2021.0
114,"Given below are two statements, one is labelled as Assertion (A) and other as Reason (R):
Assertion (A): Teesta River was earlier a tributary of Ganga now it is a tributary of brahmaputra.
Reason (R): River capturing is a major feature of Himalayan rivers,

Select the correct answer using the codes given below,",Both (A) and (R) are true and (R) is correct explanation of (A).,"Both (A) and (R) are true, but (R) is not the correct explanation of (A).","(A) is true, but (R) is false.","(A) is false, but (R) is true.","U.P.P.C.S, (Pre)",2021.0
115,"Match list-I with list-II and select the correct answer using the codes given below the Itsts:
[B. Badkhal Lake |2. Haryana |
Code: (UPPCS (Pre) 2020)
ABCD",1 2 3 4,2 1 3 4,1 3 2 4,1 4 2 3,,
116,". Consider the following tributaries of River Yamuna and arrange them from West to East:
1. Betwa
2. Ken
3. Sindh
4. Chambal
Select the correct answer from the codes
given below.","4,3, Land 2","1,2, 3and 4","3,2, 1 and 4","2,3, land 4",U.P.P.C.S. (Pre),2020.0
117,"Given below are two statements, one is labelled as Assertion (A) and the other as Reason (R).
Assertion (A): The highest concentration of Seismic zones lies in the Himalayan region in India.
Reason (R): There are many longitudinal 1 thrust zones in the Himalayas.
Select the correct answer from the codes
given below:","Both (A) and (R) are true and (R) is the
correct explanation of (A).","Both (A) and (R) are true, but (R) is not
the correct explanation of (A).","(A) is true, but (R) is false","(A) is false, but (R) is true,",U.P.P.C.S. (Pre),2019.0
118,‘imphat Basin’ surrounded by Manipur hills isafineexampleof-,Lacustrine plain,Loess plain,Glacial plain,Alluvial plain,UPPCS (Pre),2019.0
119,"With reference to the Himalayan range,which of the statements is/are correct?
1. The sedimentary rocks of the greater Himalayas were fossil less.
2. Marine livings fossils are found in the sedimentary rocks of lesser Himalayas.
3. Remains of human civilization are found in the outer or Shivalik Himalayas.
Select the correct answer using the codes given below:",1 and 2 only,2 and 3 only,1 and 3 only,"1,2 and 3 are correct","U.P.P.C.S, (Pre)",2019.0
120,Which one of the following is the correct sequence of the hills of Central India located from West to East?,"Maikal, Satpura, Mahadeo and Chhotanagpur","Satpura, Mahadeo, Maikal and Chhotanagpur","Maikal, Mahadeo,  Satpura and Chhotanagpur","Satpura, Mahadeo, Chhotanagpur and Maikal",U.P.P.C.S. (Pre),2029.0
121,"In which of the following rivers, the upper course contains freshwater but saline water flowing at the lower part?",Barak river,Luni river,Ghaggar river,None of the above,"U.P.P.C.S, (Pre)",2019.0
122,The winter rains caused by Western disturbance in North-Western Plain of India gradually decreases from:,East to West,West to East,North to South,South to North,U.P.P.C.S. (Pre),2019.0
123,Which of the following States of India has the longest coastline?,Maharashtra,Andhra Pradesh,Kerala,Gujarat,U.P.P.C.S. (Pre),2018.0
124,"Match list-I with Hst-li and select the correct answer using the codes given below the lists:

Ltst-I (States) List-II (Highest Peak)
1. Doddabetta B. Nagaland
2. Nanda Devi C. Uttarakhand
              D.Tamil Nadu 
4. Saramat
Code: 
ABCD",l 3 4 2,2 3 4 1,3 4 2 1,1 2 3 4,UPPCS (Pre),2018.0
125,Which of the following statements js not correct?,Black soil is locally called ‘regur’,"According to Krabs, the regur soil is essentially a mature soil",Black soils are highly retentive to moisture,Black soil is found in the Himalayan region,U.P.P.C.S. (Pre),2018.0
126,"The Tropic of cancer passes through which of the following states?
1. Gujarat
2. Chhattisgarh
3. Uttar Pradesh
4. Jharkhand
Select the correct answer from the code given below: 
Code:",1 2 and 4,"1,2, 3 and 4","1,3 and 4","2,3 and 4","U.P.P.C.S, (Pre)",2017.0
127,"Match list-I with Jist-1l and select the correct answer using the codcs given below the lists:
List-I (Waterfall) [List-11 (Rivers)
A. Dudhsagar      1. Ghatprabha
B. Duduma         2. Machhkund
C. Gokak          3.Sharavati
D. Jog            4. Mandavi
Code: 
ABCD",4 2 1 3,4 2 3 1,"2 4 1 3 
(4)2 3 4 1",,UPPCS (Pre),2017.0
128,In which state is the Nelang Valley located?,Himachal Pradesh,Sikkim,Jammu and Kashmir,Uttarakhand,U.P.P.C.S. (Pre),2016.0
129,"River Ganga, after entering Bangladesh, isknown by which of the following names?",Lohit,Padma,Kaliganga,Nabaganga,"U.P.P.C.S, (Mains)",2016.0
130,Which one of the following is not correctly matched?,Chang La - Jammu and Kashmir,Rohtang - Himachal Pradesh,Bomdi La - Arunachal Pradesh,Se La - Uttarakhand,U.P.P.C.S. (Mains),2015.0
131,Kuttanad (or Kuttanadu) of Kerala isfamous for:,A freshwater lake,The region with the lowest altitude inIndia,A coral island,The westernmost point of India,U.P.P.C.S. (Mains),2015.0
132,Which one of the following rivers is calledthe ‘Ganga of the South’?,Cauvery,Krishna,Godavari,Narmada,"U.P.P.C.S, (Pre)",2015.0
133,"Match list-I1 with list-i] and select the correct answer using the codes given below the lists:
A Ashtamudi [1. Haryana
B. Pulicot  [2 Kerala
C. Roopkund  3. Tamil Nadu
D. Surajkund 4. Uttarakhand
Code: 
ABCD",2 1 4,2 3 4 1,4 2 3 1,l 4 2 3,UPPCS (Pre) (Re-Exam),2015.0
134,Which of the following soils of India hasbeen formed due to weathering of basalticlava?,Alluvial Soils,Laterite Soils,Red Soils,Regur Soils,U.P.P.C.S. (Pre) (Re-Exam),2015.0
135,"Consider the following statements:
Assertion (A): The rivers of Western Ghatsdo not form the delta.
Reason (R): They flow through short courses with high speed over hard rocks.
Select the correct answer from the codes given below: (U.P.P.C.S. (Pre) 2014]","Both (A) and (R) are correct, and (R) is
the correct explanation of (A)","Both (A) and (R) are correct, but (R) is
not the correct explanation of (A)
(ce) (A) ts true, but (R) is false",,"(A) is false, but (R) is true",,
136,The rivers of South India mainly have whichof the following drainage patterns?,Radial,Intermittent,Dendritic,Trellis,U.P.P.C.S. (Pre),2024.0
137,"Q137, Which of the following is correctly matched?
Lakes -      Locatlons",Lonar -   Madhya Pradesh,Nakki -   Gujarat,Kollera-  Andhra Pradesh,Pulicat - Kerala,UPPCS (Pre),2012.0
138,Kori Creek Hes in-,Gulf of Kutch,Gulf of Khambhat :,Little Renn of Kutch,Rann of Kutch,U.P.P.C.S. (Mains),2021.0
139,"Consider the following statements andselect the correct answer from the codegiven below:
Assertion (A): All rivers originating from theHimalayas are perennial,
Reason (R): Himalayas receive much of theirprecipitation from South-Western monsoon.
Code: (U.P.P.C.S. (Mains) 2011)","Both (A) and (R) are true, and (R) is the
correct explanation of (A)","Both (A) and (R) are true, but (R) Is not
the correct explanation of (A)","(A) ts true, but (R) is false","(A) is false, but (R) is true",,
140,The Indian Standard Time Meridian doesnot passthrough-,Andhra Pradesh,Chhattisgarh,Maharashtra,Uttar Pradesh,U.P. P.C.S. (Pre),2010.0
141,Which soil needs little irrigation as it retains soil water?,Red,Black,Laterite,Alluvial,U.P.P.C.S. (Pre),2010.0
142,Which of the following is the highest mountain peak in India?,Everest,Siachen,K2,Kargil,U.P.P.C.S. (Mains),2009.0
143,The Hagari river is a tributary of:,Bhima,Godavari,"Krishna
(4) Tungabhadra",,U.P.P.C.S. (Mains),2009.0
144,Which one of the following states of India has an international boundary on Its threesides?,Assam,Nagaland,Tripura,West Bengal,U.P.P.C.S. (Spl) (Mains),2008.0
145,Which one of the following gives correct sequences of Himalayan peaks In the direction east to west?,"Dhaulagiri, Kanchenjunga, Makalu,Mount Everest","Namcha Barwa, Kanchenjunga, Nanda Devi, Mount Everest","Makalu, Dhaulagiri, Kumaun, Namcha Barwa","Namcha Barwa, Kanchenjunga, Mount Everest, Nanda Devi",U.P.P.C.S. (Spl) (Mains),2008.0
146,"Match list-I with list-II and select the correct answer using the codes given below the lists:
Tit 1 Sea Beach
1. Tamil Nadu
2. West Bengal
3. Orissa
D. Marina |4. Goa
Code: 
ABCD",1 2 4 3,2 3 4 1,"2 1 3 4
(4)4 3 2 1",,UPPCS (Spi) (Mains),2008.0
147,Which of the following lake is shared by two Indian States?,Chilika,Kolleru,Lonar,Pulicat,U.P.P.C.S. (Mains),2008.0
148,Which of the following rivers is an exampleof the superimposed river?,Alaknanda,Kosi,Chambal,Godavari,U.P.P.C.S. (Mains),2007.0
149,Which of the following is the highest peak in South India?,Anamudi,Doddabetta,Amarkantak,Mahendeagiri,U.P.P.C.S. (Pre),2005.0
150,Cheurabari Glacier is located towards-,South of Kedarnath temple,West of Kedarnath temple,North of Kedarnath temple,East of Kedarnath temple,U.P.P.C.S. (Mains),2004.0
151,"When there is midnight at IST meridian,a place observes 6 A.M, The meridian on which the said place is located is:",7°31'E,172° 30° E,7°30°E,127°30°E,"U.P.P.C.S, (Mains)",2002.0
152,"Consider the following statements:
Assertion (A): While all major rivers of peninsular India flow into the Bay of Bengal,the Narmada and the Tapi flow into the Arabian sea,
Reason (R); The Narmada and the Tapi rivers flow in rift valley.
Select the correct answer using the codes
given below:","Both (A) and (R) are true, and (R) is the
correct explanation of (A).","Both (A) and (R) are true, but (R) is not
the correct explanation of (A).","(A) is true, but (R) is false.","(A) is false, but (R) is true.",U.P.P.C.S. (Mains),2002.0
153,Which of the following soil is most suited for tea plantation?,Acidic,Alkaline,Alluvial,Regur,U.P.P.C.S. (Pre),2002.0
154,"Match list-I with Sist-I1 and sclect thecorrect answer using the codes given below
the lists:
A. Tropical moist 1. Arunachal deciduous Pradesh
B. Tropical dry 2. Sabyadris deciduous
C. Alpine 3. Middle Ganga Plain
D. Tropical 4. Tarai evergreen
Code: 
ABCD",4 3 1 2,4 2 1 3,1 3 2 4,3 1 4 2,UPPCS (Pre),2001.0
155,"Consider the following statements:
Assertion (A): The Regur soils of the Deccan Trap are black in colour.
Reason (R): They are rich in Humus.
Select the correct auswer from the codes given below:","Both (A) and (R) are truc, and (R) is the
correct explanation of (A).","Both (A) and (R) are true, but (R) is not
the correct explanation of (A).","(A) Is true, but (R) is false.","(A) is false, but (R) is true,",U.P.P.C.S. (Pre),1999.0
156,Which one of the following towns is nearest to the Tropic of Cancer:,Agartala,Gandhinagar,Jabalpur,Ujjain,U.P.P.C.S. (Pre),1999.0
157,"The paleomagnetic results obtained from India indicate that in the past, the Indian land mass has moved:",Northward,Southward,Eastward,Westward,U.P.P.C.S. (Pre) 8,1993.0
158,Vembanad lake is in:,Andhra Pradesh,Kerala,Orissa,Tamil Nadu,U.P.P.C.S. (Pre),1997.0
159,"Which of the following option represents correct order of mountain Passes from west to cast?
I. Shipki La
II. Nathu La
III. Bomdi La
IV. Lipulekh
Code:","1,0, UL IV","IT, 1, IV, 1","LIV, 1, UL","HI, 1, 1,1",U.P. Lower Sub. (Pre),2009.0
160,Which of the following is known as ‘self-ploughed’ soil of the country?,Alluvial soil,Lateritic soit,Black cotton soils,Desert soils,U.P. Lower Sub. (Pre),2009.0
161,Identify the only tributary of River Ganges which rises in the plains.,Son,Sharda or Saryu,Gomti,Ram Ganga,U.P. Lower Sub. (Pre),2008.0
162,The Kullu Valley is situated between the mountain ranges of:,Dhauladhar and Pir Panjal,Ranjoti and Nagtibba,Ladakh and Pir Panjal,Middle Himalayas and Siwalik,U.P. Lower Sub. (Spl.) (Pre),2002.0
163,"Examine the following statements and select the correct answer by using codes given below:
1. Devprayag is located at the confluence of the Bhagirathi and Alaknanda rivers.
2. Rudraprayag is located at the confluence of the Mandakini and Alaknanda rivers.
3. Alaknanda flows from Badrinath.
4. Kedarnath is considered the biggest seat established by Adi Shankaracharya.
Code:","1,2and3","2,3 and4","1,2and4","1,2, 3.and 4",U.P. Lower Sub. (Pre),2002.0
164,"Compare the Himalayan Rivers with the Peninsular Rivers based on the following comparisons:
1, Most of the Himalayan rivers are perennial, whereas most of the Peninsular rivers are rain fed.
2. The gradient of the Himalayan River is steeper than the Peninsular River.
3. The Peninsular River causes more erosion on its way in comparison to the Himalayan River.
Choose the correct answer from the options given below,",l and 2 only,2 and 3 only,1 and 3 only,"1,2 and 3
(e) None of the above/More than one of the
above",67™ BPSC (Pre),2022.0
165,"Therivers Damodar, Koel and Subarnarekha originate Crom which of the following?",Deccan Plateau,Central Highland,Chhota Nagpur Plateau,"Meghalaya Plateau
(e) None of the above/More than one of the above",671h BPSC (Pre),2022.0
166,Which is Asia's largest and freshwater Oxbow Lake in Bihar?,Ghogha Lake,Kanwar Lake,Anupam Lake,"Kusheshwar Lake
(e) None of the above/More than one of the above",67th BPSC (Pre) (Re-Exam),2022.0
167,Rajasthan receives very little rain because:,the monsoon fails to reach this area,it is too hot,there is no water available and thus the winds remain dry,"the winds do not come across any barriers to cause the necessary uplift to cool the aic
(e) None of the above/More than one of the above",67 BPSC (Pre) (Re-Exam),2022.0
168,For which cultivation Karewas are famous?,Banana,Saffron,Mango,"Grapes
(e) None of the above/More than one of the above",67 BPSC (Pre) (Re-Exam),2022.0
169,"Among the following tributaries, which one is part of the Ganga River basin?",Sankh,North Koel,South Koel,"Barakar
(e) None of the above/More than one of the above",6Sth B.P.S.C.(Pre),2029.0
170,Coral reefs are not found in which one of the following regions?,Gulf of Cambay,Gulf of Mannar,Gulf of Kutch,"Lakshadweep and Minicoy Island
(e) None of the above/More than one of the above","65th B.P,S.C. (Pre)",2019.0
171,Which one of the foliowing is not a part of the Meghalaya Plateau?,Bhuban Hills,Garo Hills,Khasi Hills,"Jaintia Hills
(e) None of the above/More than one of the above",64th B.P.S.C. (Pre),2018.0
172,"Amritsar and Shimla are almost on the same latitude, but their climate difference is due to-",The difference tn their altitudes,Their distance from sea,Snowfall in Shimla,Pollution in Amritsar,53rd to 55th B.P.S.C. (Pre),2011.0
173,Which soil particles are present in loamy soils?,Sand particles,Clay particles,Silt particles,All types of particles,"S3rd to $5th B.P.S.C, (Pre)",2011.0
174,"Consider the following statements regarding formation of landforms in India:
1. Structurally, the Meghalaya plateau is an extended part of the Deccan plateau.
2. The Valley of Kashmir was formed in a synclinorium,
3, The Gangetic plain was formed in a fore deep.
4. The Himalayas originated as a result of triangular convergence of the Indian plate, the European plate and the Chinese plate.
Which of these statements are correct?","I, II and III","I, UL and IV",I and II,Mand IV,47th B.P.S.C. (Pre),2005.0
175,Extra peninsular mountains of India were formed during-,Eozoic Era,Palaeozoic Era,Mesozoic Era,Cenozotc Era,41st B.P.S.C. (Pre),1996.0
176,Old Kachharl clay of Gangetic plain is called-,Bhabar,Bhangar,Khadar,Khondolyte,41st B.P.S.C. (Pre),1996.0
177,Chotanagpur Plateau-,Is a front sloping,Is a pitfall,Is a foothill,Is a plain subland,40th B.P.S.C. (Pre),1995.0
178,"Near Manasarovar Lake in Tibet, there is the source of the river-",Brahmaputra,Satluj,Indus,All of the above,39th B.P.S.C. (Pre),1994.0
179,The Indian monsoon is indicated by seasonal displacement because of-,Differential temperature of land and sea,Cold wind of middle Asia,Excess similarity of temperature,None of the above,39th B.P.S.C. (Pre),1994.0
180,"Match list-I with Iist-II and select the correct answer using the codes given below the lists: :
Code: 
ABCD",3 4 2 1,2 1 4 3,3 4 1 2,1 3 2 4,MPPCS (Pre),2022.0
181,Which vailey of the following rivers is known to have deep Ravincs?,Narmada,Son an :,Chambal,Tapti,"M.P.P.C.S, (Pre)",2019.0
182,The boundary line between India and Pakistan ts an example of-,Superimposed boundary,Antecedent boundary,Relict boundary,Subsequent boundary,M.P.P.C.S. (Pre),2016.0
183,Which range acts as @ water divide between YamunaandSont,Bhander,Kaimur,Maikal,Mukundwara,M.P.P.C.S. (Pre),2016.0
184,Sundarbans Delta is formed by the rivers-,Ganga and Brahmaputra,Ganga and Jhelum,Sindhu and Jhelum,Ganga and Sindhu,"M.P.P.C.S, (Pre)",2014.0
185,The Narmada Valley les between which of the following mountain ranges?,Bhander and Maikal,Satpura and Aravalli,Satpura and Vindhyachal,Vindhyachal and Aravalli,M.P.P.C.S. (Pre),2014.0
186,Which one of the following Indian states does not share border with Bhutan?,Sikkim,Meghalaya,Arunachal Pradesh,West Bengal,"M.P.P.C.S, (Pre)",2012.0
187,The general direction of flow of summer monsoon in India is-,from South to North,from South-West to South-East,Crom South-East to South-West,from South-West to North-East,M.P.P.C.S. (Pre),2012.0
188,The westernmost point of India is;,"68° 7° W, Gujarat","68° 7’ W, Rajasthan","68° 7’ E, Gujarat","68° 7’ E, Rajasthan",M.P.P.C.S. (Pre),2003.0
189,The Southernmost point of India “Indira Point” is ins,Tamil Nadu,Little Nicobar,Great Nicobar,Car Nicobar Island,M.P.P.C.S. (Pre),2006.0
190,Which one of the following can be used to make acidic soil cultivable?,Lime,Gypsum,Calcium,Vegetable compost,"M.P.B.C.S, (Pre)",2006.0
191,Which of the following separates India and Sri Lanka?,Gulf of Kutch,Palk Strait Bay,Gulf of Khambhat,,"M.P.P.C.S, (Pre)",1990.0
192,"The dust storms originating in Rajasthan in May and June months are caused due to-
1, Origin of convectional currents at few places
2. Aravalli hills are parallel to south-western winds
3. Origin of fast speedy easterly windsCode:",1 and 3 only,1 2and 3,1 and 2 only,1 only,R.A.S/R.T.S. (Pre),2018.0
193,Palghat is situated between:,The Nilgiris and the Cardamom Hills,The Nilgiris and the Annamalai Hills,The Annamalai Hills and the Cardamom Hills,The Cardamom Hilts and Palani Hills,R.A.S./R.T.S. (Pre),2013.0
194,Winter rainfall in Tamil Nadu is mostly due to-,Western disturbances,South-West monsoon,North-East monsoon,South-East monsoon,R.A.SJR.T.S. (Pre),2010.0
195,Which one of the following is called ‘flame of the forest’?,Bouhinia variegata,Jacaranda mimosafolia,Butea monosperma,‘Tectona grandis,"R.A.S./R.T.S, (Pre)",2010.0
196,Which of the following Indian state shares maximum boundary with Myanmar?,Manipur,Arunachal Pradesh,Mizoram,Nagaland,R.A.S./R.T.S. (Pre),2007.0
197,"Match the following river given in list-I with the place of origin given in list-II:
List-II (Place of Origin)
1. Ludeng hills
2. Sonbera plateau
3. Devgarh ils
D. Kelo 4. Mainpat
Code: (Chhattisgarh PCS (Pre) 2021)
ABCD",3 1 4 2,4 3 2 1,2 3 1 4,l 2 4 3,,
198,"Four rivers have been mentioned below.What will be the decreasing order of these civers in length (starting from the longest to the shortest)?
i. Mahanadi
ii. Krishna
iii. Godavari
iv. Narmada
Code:","Civ), (), (ii), (iv)","(ii), (ili), (1), (v)
(e) (i), (i), (iv), (ii)",,"(ii), (i), (iv), (iii)",Chhattisgarh P.C.S. (Pre),2020.0
199,"Choose the correct etatement out of the four statements given cegarding alluvial
soil:",This soil is found in about 14% portion of India’s land surface.,Phosphoric acid is found in rich quantities in this soil.,"This soil is also known by names such as Reh, Thur and Chopan.",This soil is not fertile.,"Chhattisgarh P.C.S, (Pre)",2020.0
200,Which religious place is situated at the confluence of Mand and Mahanadi?,Didineshwaci Devi,Angar Moti,Chandrahasini Devi,Mahamaya,Chhattisgarh PCS (Pre),2019.0
201,Which of the following regions is not affected much by the Arabian Sea branch of Monsoon?,The Western Ghat,Deccan Plateau,Madhya Pradesh,"Chhattisgarh Basin
(e) None of these",Chhattisgarh P.C.S. (Pre),2016.0
202,"Which of the following Is the correct order of the Himalayan Ranges from south to north In the western section?(Chhattisgarh P.C.S, (Pre) 2015)",Great Himalaya - Lesser Himalaya -Shiwalik,Shiwalik + Lesser Himalaya - Great Himalaya,Lesser Himalaya - Great Himalaya -Shiwalik,"Shiwalik + Great Himalaya - Lesser Himalaya
(e) None of these",,
203,Sriharikota island ts located in-,Near Chilka Lake,Near the mouth of Mahanadi River,Near Pulicat Lake,Near the mouth of Godavari River,Chhattisgarh P.C.S. (Pre),2011.0
204,Which of the following characteristic features is appropriate for Narmada River?,Volcanic origin,Wind origin,Structural origin,Glacial origin,Jharkhand P.C.S. (Pre),2021.0
205,In which of the following parts of India‘atolls’ are commonly found?,Near Sunderbans,Near Khambhat Gulf,Near Lakshadweep,Near Rameshwaram,Jharkhand P.C.S. (Pre),2021.0
206,"Which of the following statements is true regarding Laterite soil in India
1, Laterite soil develops in areas with high temperatures and heavy rainfall.
2. Laterite soil is rich in humus and found in West Bengal, Assam and Odisha,
Code;",Only 2 is true,Both 1 and 2 are true,Both I and 2 are false,Only 1 is true,Jharkhand P.C.S. (Pre),2021.0
207,Which of the following pairs is not correctly matched?,Total area of India: 3.28 million sq. km,Latitudinal extent: 8°4’ N - 37°6’ N,Longitudinal extent: 68°7’ E - 97°25’ E,Number of states In India: 26,Jharkhand P.C.S. (Pre),2016.0
208,"Name the place in India where Bay of Bengal, Arabian Sea and Indian Ocean meet.",Kanyakumari,Indira Point,Nagercoil,Rameswaram,Jharkhand P.C.S. (Pre),2016.0
209,"Consider the following relief features:
1. Zaskar Range 
2. Dhauladhar Range
3. Ladakh Range
4. Karakoram Range
The correct south to the northward sequenceof the above relief features is-","2,1,3,4","2,3,4,1",4.3.2.1,"4,2,1,3",Uharkhand P.C.S. (Pre),2013.0
210,Which of the following rivers does not make estuary?,Narmada,Tapti,Mandavi,Mahanadi,Jharkhand P.C.S. (Pre),2003.0
211,Which of the following Island is not a part of Laccadive Island?,Tilanchong,Agathi,Kavarattt,Kalpeni,Uttarakhand PCS (Pre),2021.0
212,Koppen has used which of the following words for the climate of Great Plains of India?,Amw,As,Cwg,Aw,Uttarakhand PCS (Pre),2021.0
213,Out of the following rivers which is not the tributary of river Sutlej?,Baspa,Spiti,Ravi,Beas,Uttarakhand PCS (Pre),2021.0
214,‘Khair’ (Catechu) is a tree of which type of forest? (Uttarakhand PCS (Pre) 2021),Sub-Alpine Forests,Cool-Temperate Forests,Sub-Tropical Forests,Temperate Forests,,
215,Which plateau lies between the Aravalli and the Vindhya ranges?,Malwa Plateau,Chhota Nagpur Plateau ;,Deccan Plateau,Peninsular Plateau,Uttarakhand PCS (Pre),2021.0
216,"Match list-E with list-II and select the correct answer using the codes given below the lists;
A. Bist Doab   1. Between Ravi and Chenab
B. Bari Doab   2. Between Ravi and Beas
C. Rachna Doab 3. Between Beas and Satly
D. Chaj Doab | 4. Between Chenab and Jhelum
Code: 
ABCD",3 2 1 4,1 2 3 4,4 3 2 1,1 4 2 3,Uttarakhand PCS (Pre),2016.0
217,"Q217, Which one of the following groups is the correct sequence of mountain peaks from east to west?","Everest, Kanchenjunga, Annapurna,Dhaulagiri","Kanchenjunga, Everest, © Annapurna,Dhaulagirt","Kanchenjunga, Dhaulagiri, Annapurna,Everest","Everest, Kanchenjunge, Dhaulagiri,Annapurna",Uttarakhand P.C.S. (Pre),2012.0
218,"Match Hst-I with list-IT and select the correct answer by using the codes given below the list :
B. Verinag Spring  2. Jhelum
C. Mahabaleshwar   3. Krishna |
D. Chhota Nagpur   4. Subarnarckha Plateau
Code: 
ABCD",4 3 2 1,1 2 3 4,"2 1 4 3
(4)3 2 1 4",,Uttarakhand PCS (Pre),2016.0
219,Which among the following places wilt have maximum length of day in the month of Junct?,Hyderabad,Chennai,) Bhopal,Delhi,Uttarakhand PCS (Mains),2006.0
220,"In which part of Uttarakhand are artesian
wells found?",Bhabhar,Tarai,Shivalik Hills,None of the above,Uttarakhand P.C.S. (Mains),2006.0
221,"Name the river which flows between
Kedarnath and Rudra Prayag?",Bhagirathi,Alaknanda,Saryu,Mandakint,Uttarakhand P.C.S. (Pre),2006.0
222,The birch tree is found in-,Aravallis,Himalayas,Nilgiris,Vindhyas,"Uttarakhand P.C.S, (Pre)",2006.0
223,"Consider the following clues about a State of India;
1. It is known as land of red River and blue hills’
2. It contains three of the six physiographic divisions of India.
3. It covers about 2.39 percent of total areas of the country.
Identify the State on the basis of the given
clues.",Karnataka,Andhra Pradesh,Assam,Chhattisgarh,CDS-,2023.0
224,Which of the following sets of States sharcs boundary with Telangana?,"Odisha, Andhra Pradesh, Karnataka, Maharashtra","Chhattisgarh, Andhra Pradesh,Karnataka, Madhya Pradesh","Odisha, Andhra Pradesh, Karnataka,Madhya Pradesh","Chhattisgarh, Andhra Pradesh, Karnataka, Maharashtra",CDS-(I),2023.0
225,"Rani told her friends that last year she did boating in four different lakes, namely Loktak, Barapani, Kolleru and Pulicat.
Which of the following States did she visit?","Manipur, Tamil Nadu, Meghalaya, Kerala","Manipur, Meghalaya, Andhra Pradesh, Tamil Nadu","Mizoram, Tamil Nadu, Assam, Kerala","Mizoram, Assam, Andhra Pradesh, TamilNadu",CDS-,2023.0
226,"The Tropic of Cancer passes through how many coastal and landlocked States of Tandia, respectively?",1 and 2,2 and 6,2 and 5,3 and 5,CDS-,2023.0
227,Which one among the following States has the longest extension in north- south direction?,Jharkhand,Telangana,Odisha,Chhattisgarh,CDS-,2023.0
228,"Consider the following characteristics of a soil type:
1. These soils consist of various proportions of sand, silt and clay.
2. These soils contain adequate proportions of potash, phosphoric acid and lime.
3. These soils can be further classified on the basis of their age.
Identify the type of soll on the basis of the given characteristics.",Alluvial,Laterite,) Arid,Black,CDS-,2023.0
229,Indus river basin ts extended up to,"Ladakh, Jammu and Kashmir, Himachal Pradesh, Punjab","Ladakh, Jammu and Kashmir, Punjab, Haryana","Ladakh, Jammu and Kashmir, Punjab, Haryana, Rajasthan","Ladakh, Jammu and Kashmir, Himachal Pradesh, Punjab, Haryana, Rajasthan .",CDS-,2023.0
230,Which one of the following Indian States has thelongest coastline? —,Tamil Nadu,Gujarat,Maharashtra,Andhra Pradesh,CDS-(1),2023.0
231,Which one of the following climatic types (KSppen’s Scheme) is best suited to describe the climate of the western fringe of Rajasthan?,Amw,Aw,Bwhw,Cwg,CDS-,2022.0
232,Which one of the following States/Union Territories has the highest percentage of forest area to the total geographical area?,Arunachal Pradesh,Lakshadweep .,Nagaland,Mizoram,CDS-,2022.0
233,Manikaran in Himachal Pradesh is known for:,Solar energy,Geothermal energy .,Bioenergy,Wind energy,CDS-,2022.0
234,"Q234, Match List I witth List II and select the correct answer ustng the code given below the lists:
List I (Soil) List II (Salient. -. .ype) Characteristic)
A. Entisols 1, Soils having weakly or quickly developedhorizons
B. Inceptisols | 2. Weakly developed soilswith no horizons
C. Histosols 3. These soils are very old and highly weathered
4. These soils have very high quantity of organic matter in the upper layers
Code: 
ABCD",2 2 4 3,2 4 1 3,3 4 1 2,3 1 4 2,CDS-,2022.0
235,Ten Degree Channel is found between:,"North Andaman and Middle Andaman,",South Andaman and Liule Andaman.,Little Andaman and Car Nicobar.,Car Nicobar and Great Nicobar.,CDS-,2022.0
236,"Match List J with List Il and select the correct answer using the code given below the lists:
List I (Waterfall) List IT (State) 
1. Tamil Nadu D.Kitiywe
4 Goa
Code: 
ABCOD",3 2 4 1,3 4 2 1,1 4 2 3,1 2 4 3,CDS-,2022.0
237,"Match List £ with List If and select the correct answer using the code given below the lists:
B.Khajjiar 2 Kerala
C. Khecheopalri
D. Vembanad 4. Tamil Nadu
Code: 
ABCD",2 1 3 4,2 3 1 4,4 1 3 2,4 3 1 2,CDS-,2022.0
238,"Mount Thullier (642 m) is an important mountain peak of Andaman and Nicobar Islands, It is located tn:",North Andaman,Middle Andaman,South Andaman,Great Nicobar,CDS-,2022.0
239,Which one of the following is a tributary of Barak Riverin Manipur? =,Dhaleswari,Subansiri,Dhansiri,Manas,CDS-(11),2022.0
240,Which types of vegetation will you find on the way as you travel from Bikaner to Konark by road by shortest distance?,"Tropical thorny, Desert, Moist deciduous,Mangrove","Desert, Tropical thorny, Moist deciduous,Mangrove","Moist deciduous, ‘Tropical thorny,Mangrove, Desert","Desert, Tropical thorny, Mangrove, Moist deciduous",CDS-,2022.0
241,"Consider the following statements about Karewas:
1. These are the lacustrine deposits of Pleistocene period.
2. These are found along the lower slopes of Pic Panjal.
3. Karewasare well known forthe cultivation of saffron, almond and wainut.
How many of the above statements is/are correct?",1,2,3,None,CDS-,2022.0
242,"Considce the following statements about an Indian State:
1. It is well known globally for its variety of rocks and minerals,
2. It has the largest deposits of Chrysotile Asbestos in the country.
3. The Neelam Sanjiva Reddy Sagar Hydel Project is located in this State.
Identify the State from the following:",Jharkhand,Rajasthan,Andhra Pradesh,Chhattisgarh,CDS-,2022.0
243,"Which of the following statements about the coasts of India 1s/are correct?
1. The West Coast of India is a high rocky,retreating coast.
2. The West Coast of India is dominated by erosional landforms.
3. The East Coast of India, however, is alow sedimentary coast exhibiting depositional forms.
Select the correct answer using the code given below:",1 and 2 only,2 and 3 only,1 only,"1,2and 3",CDS-,2022.0
244,Which one of the following States/UTs has the largest area under Coral Reefs in India?,Gujarat,Tamil Nadu,Andaman and Nicobar Islands,Lakshadweep,CDS-,2022.0
245,"In which one of the following highlands of India can you find temperate forests called
‘Sholas’?",Nilgiris,Vindhyas,Satpuras,Himalayas,CDS-,2022.0
246,The Indian desert also known as Marusthali Is believed to be under the sea during which one of the following eras?,Cenozoic era,Palacozoic era,Mesozoic cra,Archacan and Pre-Cambrian era,CDS-,2022.0
247,"Identify the type of soil on the basis of the given characteristics:
1.They are rich in lime, iron, magnesia and alumina.
2. They are generally clayey, deep and impermeable
3. They are mainly found in Maharashtra,Madhya Pradesh and Gujarat.
Select the correct answer using the codes given below:",Laterite soil,Red and yellow soil,"Saline soil
(4) Black soil",,CDS,2021.0
248,"Q248, Alluvial soils vary in nature from sandy loam to clay. They sre generally",poor in potash and rich in phosphorus.,poor in both potash and phosphorus.,"rich in both potash and phosphorus.
(4) rich in potash and poor in phosphorus.",,CDS,2022.0
249,Which one of the following water bodies separates the Andaman and the Nicobar islands?,Gulf of Mannar,Ten Degree Channel,Eleven Degree Channel,Palk Strait,CDS,2021.0
250,Which one of the following longitudes is the standard meridian of India?,"83°30"" E",82°30° E,"82°30"" W","83°30"" W",CDS,2021.0
251,"Four persons are travelling to different States of India, To whom will you advise to protect oneself from blizzards?",The person travelling to ArunachalPradesh,The person travelling to Assam,The person travelling to Tripura,The person travelling to Odisha,CDS,2021.0
252,"Which one of the following biosphere reserves comprises Islands with estuaries,beaches, coral reefs, salt marshes and mangroves?",Sunderban biosphere reserve,Gulf of Mannar biosphere reserve,Nilgirl biosphere reserve,Nandadevi Biosphere reserve,CDs,2021.0
253,"Which of the following statements is/are correct with respect to Time Zone in India?
1, There is one standard time for the whole country,
2 Andaman and Nicobar Islands and Lakshadweep Islands have different Time Zones.
3. Indian Standard Time (IST) is five and half hours behind GMT.
Select the correct answer using the codes given below,",Only 1,Only 2,l and2,2 and 3,CDS-,2021.0
254,"D had recently visited Khardung La, Nubra Valley and several Buddhist monasteries.
Which one of the following States / UT bad she visited?",Himachal Pradesh,Uttarakhand,Sikkim,Ladakh,CDS-,2021.0
255,Which one of the following states receives rainfall from both the Arabian See branch and the Bay of Bengal branch of Monsoon?,Punjab,Maharashtra,"Meghalaya
(4) Tamil Nadu",,CDS-,2021.0
256,"S had witnessed contour bunding and contour ploughing while visiting onc of the states in India, Identify the state from the options given below.",Punjab,Haryana,Himachal Pradesh,Rajasthan,CDS-,2021.0
257,D performs her traln journey by the shortest route from Bengaluru to New Delhi. Which one of the following rivers will she not cross while performing the journey?,Narmada,Yamuna,Godavari,Krishna,CDS-,2021.0
258,"Identify the State on the basis of the following characteristics.
1. Tropic of Cancer passes through the state.
2. The state has more North-South extension.
3. The state has international border with Bangladesh and Myanmar,
Select the correct using the codes given
below:",Tripura,Mizoram,Nagaland,Manipur,CDS-,2022.0
259,"M wants to visit a place in a Union Territory,
which is located at 34° N and 77° E. Which one of the following Union Territories must he have planned to visit? =",Andaman and Nicobar Islands,Lakshadweep,Puducherry,Ladakh,CDS-,2021.0
260,Which one of the following rivers joins Gange directly? fobs 2020 (1),Chambal,Son,Betwa,Ken,,
261,Which one of the following Indian places receives minimum rainfall in a year?,Jodhpur,Leh,New Delhi,Bengaluru,CDS,2020.0
262,Which one of the following Is not correct regarding South India?,Diurnal range of temperature ls tess,Annual range of temperature is less,Temperature is high throughout the year,Extreme climatic conditions are found,CDs  (11),2019.0
263,Which one of the following statements regarding temperate coniferous forest biome fe not correct?,"They ere characterised by very little undergrowth,","They have a growing period of $0. to 100 days in a year,",There is low variation in annual temperature,There is high range in spatial distribution of annual precipitation.,CDS,2019.0
264,"Match List J with List II and select the correct answer uting the codes given below the Hsta,
[List (Peak) | List Il (Name of Hill)
1. Nilgiel

Codes: 
ABCD",3 2 1 4,3 1 2 4,4 1 2 3,4 2 1 3,B-Goreshitter [a Annanai ——,
265,Where ere the largest quantity of cichlids found in India?,Backwaters of Kerala,Sunderbans,"Narmada
(4) Godavari",,CDS,2019.0
266,"Q266, The term ‘soil impoverishment’ relates to which one of the following?",Soil erosion,Soil deposition,Soil getting very deficient in plant nutrients,Soll getting enriched with plent nutrients,CDS,2019.0
267,"Q267, Rains caused by thnnderstorms during the hot weather season (mid-March to mid-June) to Karnataka are celled",Kalbaisakhi,Mango showers,Loo,Cherry blossoms,CDS  (I1),2619.0
268,"Q268, Which one of the following civer valleys of Indla is under the influence of intensive gully erosion?",Kosi,Chambal,Damodar,Brahmaputra,CDS,2019.0
269,"Match List I with List If and select the correct answer using the codes given below the ste.
List I (Type of Lake) [List If (Example) ~|
1. Lonas Lake
2. Gangabal Lake
C. Glacial 3. Purbasthall Lake
4, Bhimtal Lake
Codes: 
ABCD",4 1 2 3,4 2 1 3,3 1 2 4,3 2 1 4,CDS,2019.0
270,South Arcot and Ramanathapuram receive over 50 percent of their annual rainfall from which one of the following?,South-West monsoon,North-East monsoon,Bay of Bengal branch of summer monsoon,Western disturbances,CDS,2023.0
271,Which one among the following is not a tributary of river Luni?,Khari,Sukei,Jawai,Banas,CDS  (11),2018.0
272,Which one among the following passes links Lhasa with Ledakh? =,Lanak La,Babusar,Burzil,Khyber,CDS,2028.0
273,Which one of the following places of India experiences highest atmospheric pressure during winter?,Jaisalmer,Leh,Chennai,Guwahatl,,
274,"Consider the following tcibutarles of river Gange
1. Gandak
2. Kost
3. Ghaghara
4. Gomtl
Which one of the following is the correct order of the above rivers from East to West?","1,2,4,3","2,1,3,4","2,3,1,4",,CDS,2018.0
275,"Arrange the following Tiger Reserves of India from North to South
1. Dudhwa
2. Panna
3. Pench
4. Indravati
Select the correct answer using the codes given below: (CDs 2017 (11))","4.3,2,1","2,1,4,3",1.2.3.4,"13,2,4",,
276,"The following consist of two statements, statement Land statement IL. Examine these two statements carefully and select the correct answer using the codes given below.
Statement I: The interior part of Maharashtra,does not receive adequate rain in the summet
season, Statement IU: The interior pact of Maharashtra lies in the rain shadow area of the Western Ghats.
Codes:",Both the statements are individually true and statement I] is the correct explanation of statement I,"Both the statements are individually true, but statement II is not the correct explanation of statement 1","Statement I is true, but statement II Is false","Statement I Is false, but statement I is true",CDs,2017.0
277,"Match List I with List 11 and select the correct answer using the codes given below the lists,[itst (Pass) [Liste (Place) JA. Zojita _{t. Himachal Pradesh _|4, Sikkim
Code: 
ABCD",4 2 1 3,"4 1 2 3
(C)3 1 2 4",,3 2 1 4,CDS,2017.0
278,"Which of the following statements with respect to the Indian Peninsular Plateau are correct
1. The Decean Plateau gradually rises from North to South.
2. The Malwa Plateau dominstes the Vindhyan scraps, forming the Eastern Mank of the plateau.
3. The Western Satpuras separate the Narmada and Tapi rivers.
4. The Chota Nagpur Plateau ts composed of Acchacan granite and gneiss rocks.
Select the correct answer using the codes given below?","1,2,3 and 4","1,3 and 4",2 and 3,1 and 3,CDS,2017.0
279,"Which of the following lakes is/are situated in Ladakh?
1. Tso Kar
2. Pangong Tso
3. Tsomgo
4. Tso Moriri

Select the correct answer using the codes given below:",Only 1,2 and 3,"l,2 and 4",2 and 4,CDS,2017.0
280,"Which of the following statement related to latitude ere true?
1. Rainfall, temperature and vegetation vary with latitude.
2. The difference between the longest day and the shortest day increases with latitude.
3. Indira Point Js located approximately at S*45°N fatitude,
Select the correct answer using the codes given below:",1 and 2,1 and 3,2 and 3,"1,2 and 3",CDS,2017.0
281,"Match List 1 with List I] and celect the correct answer using the codes given below the lets,
List I (Lake) List IL (Type of Lake)
A. Bhimtal
B. Ashtamudi   2. Landslide
Code: 
ABCD",3 2 2 4,3 2 1 4,4 2 1 3,4 1 2 3,CDS,2017.0
282,"Which of the following statements is/are correce?
1, Himalayan rivers have their origin in the snow-covered areas, hence are dry in winter season.
2. Rivers of the Peninsular Plateau have reached maturity.
3. Himalayan rivers depict all the threestages of normal cycle of erosion.
Select the correct answer using the codes given below:",Only 2,2 and 3,"l and 3
(4) 1,2 and 3",,CDS,2017.0
283,Which one of the following 1s the correct sequence of occurrences of rivers from Chennai to Kolkata when travelled by road(shortest distance)?,"Krishna, Kaveri, Godavari, Mahanadi,Subarnarckhe","Krishna, Periyar, Godavari, Mahanadi,Subarnarekha","Penneru, Krishna, Godavari, Mahanadi,Subarnarekha","Penner, Mahanadi,  Subarnarekha,Godavari, Krishna",CDS,2017.0
284,"Which one of the following with regard to Aridisol, one of the soll ordecs, ls not correct?",Lack of water for plants during most part of the year,High organic matter,Large accumulation of carbonates at depth,Absence of deep wide cracks,CDS,2017.0
285,Which one of the following statements concerning the natural vegetation of India is not correct?,Sal is found in moist deciduous forests,Casuarina is largely found along the coastal region of Tamil Nadu,Deodar is a coniferous species of tree,Shola forests are found mainly on the upper reaches of Himalaya,CDS,2016.0
286,"Consider the following statements regarding laterite soils of India
1. Laterite soils are generally red in colour.
2. Laterite soils ere rich in nitrogen and potash.
3. Laterite soils are well developed in Rajasthan and Uttar Pradesh,
4. Tapioca and cashew nuts grow well in this soil.
Which of the statements given above is/are
correct?","1,2 and 4","2,3 and 4",l and 4,,CDS,2046.0
287,"Consider the following tributaries of river Brahmaputra:
1. Lohit
2. Tista
3. Subansici
4. Sankosh
Arrange the above rivers from West to East:",2.4.3.1,2.3.4.1,"4,2,3,1","3,2'2,4",CDS,2016.0
288,"Match the following:
List 1 (Regions)   List 11 (State)
A. Baghelkhand |   1. West Rengal
B. Kuttanad        2. Madhya Pradesh
C.Saueashtea       3 Kerala |
                   4. Gujeat
Codes: 
ABCD",2 3 4 1,2 4 3 1,3 4 2,1 4c3 2,CDS,2015.0
289,"Match the following:
List I (lake) 2 | List I (Type)
A, Ashtamundt |   1. Residual (Sweet Kayal Water)
B. Himayat Sagar |2. Lagoon
C. Dat Lake       3. Glacial
D. Tsomgo Lake  | 4. Artificial (Sweet
Water)
Codes: 
ABCD",2 4 3 1,2 2 4 3,3 1 4 2,3 4 1 2,CDS,2015.0
290,"Which of the following are the major factors responsible for the monsoon type of climate in India?
1. Location
2. Thermal contrast
3. Upper air circulation
4. The Himalayan Mountains
Select the correct answer using the codes given below:",1 and 4,"1,2, 3 and 4","2,3 and 4","1,2 and 3",CDS,2015.0
291,"Ifa ship has to go from Chennai to Kochl,it has to go around Sri Lanka rather than crossing through the Palk Strait. Why?",The Palk Strait has disputed islands and the Sri Lankan Navy does not allow the ships to cross through,It is too shallow for ships to cross,Shipping is prohibited through the strait due to its religious significance connected with the epic Ramayana,The sround Sri Lanka route is actually shorter than crossing through the Palk Strait,CDS,2015.0
292,"Consider the following statements with regard to cold waves In winter season in Northern India:
1. There is lack of maritime influence.
2. Northern India is nearer to the Himalayan region.
3. Air mass comes from polar regions of Northern India.
Which of the statement(s) given above is/are correct?",Only 1,1 and 3,2 and 3,1 and 2,CDS,2015.0
293,"Match List 1 with List Il and select the correct answer using the codes given below the lists:
B, Satkosia Gorge 2. Goa
C. Pirotan Island 3. Odisha
Codes: 
ABCD",2 1 3 4,4 1 3 2,4 3 1 2,2 3 1 4,CDS,2018.0
294,"The following item consist of two statements, Statement I and Statement II.
You have to examine these two statements carefully and sclect the answers from these items using the codes given below:
Statement I: India’s offshore and deep sea fish catch is very poor considering the marine potential.
Statement Il: Indian coast does not have many gulfs, bays, estuaries and backwaters.
Codes:",Both the statements are individually true and statement II is the correct explanation of statement!,"Both the statements are individually true, but statement Il is not the correct explanation of statement I","Statement I is true, but statement 1E Is false","Statenent 1 is false, but statement II is true",CDS,2015.0
295,Which of the following would have happened If the Himalaya did not exist?,Monsoon rains would have taken place in winter months.,Coastal India would have experienced Mediterranean climate.,North Indian plain would have been much cooler in winter.,North-Western part of India would have experienced humid condition.,CDS,2014.0
296,"Which of the following method(s) is/are sultable for soil conservation tn hilly region?

1. Terracing and contour bunding
2. Shifting cultivation
3. Contour ploughing

Select the correct answer using the codes given below:",1 and 3,Only 2,Only 3,All of the above,CDS,2014.0
297,"What would be the Influence on the weather conditions when in mid-winter a feeble high pressure develops over the North-Western part of India

1. High and dry winds would blow outward from this high pressure area.
2. The Northern plain would become cold.
3. Scorching winds (locally called loo) would blow during the day of time.
4. There would be torrential rains brought by thunderstorms.
Select the correct answer using the codes given below:",1 and2,2 and 3,3 and 4,All of these,CDS,2014.0
298,Veliconda group of low hills is a structural pact of which of the following region?,Nilgiri Hills,Western Ghats,Eastern Ghats,Cardamom Hills,CDS,2014.0
299,Ganga water is being shared at Farakka with which one of the following countries?,Nepal,Bhutan,Bangladesh,Myanmar,CAPF,2022.0
300,Which of the following sets of Indian States are landlocked and do not have an International boundary?,"Andhra Pradesh. Pradesh, Chhattisgarh, Haryana, Jharkhand and Madhya Pradesh","Chhattisgarh, Haryana, Jharkhand, Madhya Pradesh and Telangana","Chhattisgarh, Haryana, Himachal Pradesh, Madhya Pradesh and Telangana","Andhra Pradesh, Chhattisgarh, Haryana, Himachal Pradesh and Madhya Pradesh",CAPE,2022.0
301,"Arrange the following passes from West to East direction:
1, Bara Lacha La
2. Shipki La
3. Jelep La
4. Bomdile
Select the correct answer using the code given below:",1-2-3-4,1-3-2-4,2-3-4-1,2-4-3-1,CAPP,2022.0
302,"Match List-I with List-II and select the correct answer using the code given below the Lists:

List-I (Type of . ""| List-Il (Characteristic

plain) . * | feature) .

A. Bhabar

[8 Bhangar [2 sit

C. Khadar

[D.Deta _[4. Kankar

Code: 
ABCD",3 2 4 1,3 4 2 1,1 4 2 3,1 2 4 3,CAPF,2022.0
303,"In which one of the following soils, the salt content Js so high that common salt ie obtained by evaporating the saline water in some areas?",Peaty soil,Alluvial soil,Laterite soil,Arid soi!,CAPF,2021.0
304,"Match List-I with List-Il and select the correct answer using the codes given below
the lists:

List-1 (Tributary) | List-11 (River) =

D.Chambal [4 indus

Codes: 
ABCD",1 3 2 4,l 2 3 4,4 3 2 1,4 2 3 1,CAPF,2021.0
305,Which one of the following is not a desert river?,Barak,Rupen,Banas,Machchu,CAPF,2021.0
306,"Consider the following statements:

1, River Kaveri has well developed valley.
2. Valley of River Alakananda is still growing
3. River Krishna 1s largest east Moving peninsular river.

Which of the statements given above is/are correct?",Only 1,1 and2,2 and 3,Only 2,CAPE,2020.0
307,Which one among the following stations receives maximum rainfall?,Hyderabad,Bengaluru,Delhi,Raipur,CAPF,2020.0
308,Which one of the following latitudes passes through maximum Indian states?,20° N latitude,22°N latitude,24°N latitude,26° N latitude,CAPF,2019.0
309,Gersoppa Falls is formed by which one of the following rivers?,Lohit,Tungabhadra,Sharavati,Krishna,CAPF,2018.0
310,"Which one of the following major river basins of Indta Is the shortest In length and smaller in terms of catchment area? 
 Cauvery",,Mahi,Penner,Sabarmati,CAPF,2018.0
311,Arabian Sea records higher salinity than the Bay of Bengal because,Avabian Sea exhibits high rate of evaporation and low influx of freshwater,Arabian Sea has shallow water,Arabian Sea has more enclosed land,Arabian Sea receives more rainfall,CAPE,2018.0
312,Which one of the following sites does not have coral reef formation?,Gulf of Cambay/Khambhat,Gulf of Mannar,Lakshadweep,Andaman and Nicobar Islands,CAPF,2018.0
313,Which one of the following does not pass through the Kaziranga National Park?,The Brahmaputra River,The Diphtu river,National Highway No. 37,Raitway Track of Indian Railway,CAPF,2017.0
314,Which one of the following statements about the Himalayas is not correct?,They are young fold mountains.,They have geosynctinal rocks.,"Himalayan Frontal faults (HFF) separates Himalaya from Tibet,",Indus and Sutlej rivers form antecedent drainage in Himalaya,CAPF,2017.0
315,The Bum-La Pass is located in,Sikkim,Arunachal Pradesh,Himachal Pradesh,Uttarakhand,CAPF,2017.0
316,Which one of the following rivers flows between Satpura and Vindhya ranges?,Tapt,Sabarmati,Narmada,Mahi,CAPF,2016.0
317,"Which of the following statements relating to Dharwar geological system are correct?

1. They belong to Archaean geological period
2. They are metamorphosed sedimentary rocks.
3. They are of great economic importance for its mineral resources.
4. They are found predominantly in Karnataka, Tamil Nadu, Odisha and Tharkhand.

Select the correct answer using the code given below.","1,2,3 and 4","2, 3and 4 only",1 and 4 only,1 and 2 only,CAPF,2016.0
318,"Q318, Which one among the following is the most plausible exptanation for the location of the Thar Desert in Western India?",Prevalence of sand dunes,The evaporation of nvoisture by heat,The absence of mountains to the North of Rajasthan to cause orographic rainfall in it.,The Moisture carried by the South-West Monsoon is driven away by the dry upper at current.,CAPF,2014.0
319,"Which of the following statements with regard to the Indian Peninsular Plateau is/ are correct?

1. The Southern plateau block ts formed mainly of granite and gneiss,
2. The Deccan lava plateau is an elevated tablet and consisting of horizontally arranged lava sheets.
3. The Malwa plateau dominates the Vindhyan scraps, forming the Eastern flank of the plateau.
4. The trough of the Narmada and Tapti is interposed between the Vindhyan end the Satpura ranges.

Select the correct answer using the codes given below.","1,2 and 3","1,2 and 4",1 and 2 only,4 only,CAPF,2014.0
320,Three important rivers of the Indian sub-contineat have their sowrce near the Manasarovar Lake in the Great Himslayas. Which among the following are the rivers?,"Indus, Jhelum and Sutlej","Sutlej, Yamuna and Brahmaputea","Brahmaputra, Indus and Sutlej","Sutlej, thetum and Yamuna",CAPF,2014.0
